{
  "intercept": 6.816374808116866,
  "numeric_features": [
    "sweetness_level",
    "tartness_level",
    "carbonation_level",
    "artificial_sweetener_taste",
    "smoothness",
    "refreshing_score",
    "sugar_free"
  ],
  "numeric_means": [
    3.5,
    2.210526315789474,
    3.6052631578947367,
    2.8157894736842106,
    3.5526315789473686,
    3.8421052631578947,
    0.47368421052631576
  ],
  "numeric_stds": [
    0.8191780219091253,
    0.5692975698101036,
    0.9607966454488781,
    0.8539463547151553,
    0.7503461804938554,
    0.7443229275647868,
    0.49930699897395464
  ],
  "categorical_features": [
    "primary_flavor_category",
    "brand"
  ],
  "categorical_categories": [
    [
      "Berry",
      "Candy",
      "Cherry/Cola",
      "Citrus",
      "Fruit",
      "Fruit Punch",
      "Grape",
      "Spiced Fruit",
      "Tea",
      "Tropical",
      "Watermelon"
    ],
    [
      "Alani Nu",
      "Bloom",
      "Bucked Up",
      "Celsius",
      "Ghost",
      "Liquid Death",
      "Monster",
      "Red Bull",
      "Rockstar",
      "Yerba Madre"
    ]
  ],
  "coefficients": [
    0.8140084590563541,
    0.22532125341174225,
    -0.40185196288809655,
    0.06108074511684451,
    0.29240466195700454,
    1.0271071338850652,
    0.3801771144107372,
    -0.4013936572515934,
    0.334920024142493,
    0.5479373301612362,
    -0.2987415289266362,
    0.9734344056714719,
    -0.20793129424090587,
    -0.00023309719474038631,
    0.12653791580271442,
    -0.4260417753354088,
    -0.3678200217412342,
    -0.2806683010873994,
    -0.19719439682686551,
    -0.5763811661965123,
    0.47905325114175157,
    -0.3159082124299267,
    0.35018330112445256,
    -0.9066431713275185,
    0.4826435629342547,
    0.8603761931703287,
    0.011628288384667392,
    -0.18775764997462913
  ],
  "all_feature_names": [
    "sweetness_level",
    "tartness_level",
    "carbonation_level",
    "artificial_sweetener_taste",
    "smoothness",
    "refreshing_score",
    "sugar_free",
    "primary_flavor_category_Berry",
    "primary_flavor_category_Candy",
    "primary_flavor_category_Cherry/Cola",
    "primary_flavor_category_Citrus",
    "primary_flavor_category_Fruit",
    "primary_flavor_category_Fruit Punch",
    "primary_flavor_category_Grape",
    "primary_flavor_category_Spiced Fruit",
    "primary_flavor_category_Tea",
    "primary_flavor_category_Tropical",
    "primary_flavor_category_Watermelon",
    "brand_Alani Nu",
    "brand_Bloom",
    "brand_Bucked Up",
    "brand_Celsius",
    "brand_Ghost",
    "brand_Liquid Death",
    "brand_Monster",
    "brand_Red Bull",
    "brand_Rockstar",
    "brand_Yerba Madre"
  ],
  "training_samples": 38,
  "brands": [
    "Alani Nu",
    "Bloom",
    "Bucked Up",
    "Celsius",
    "Ghost",
    "Liquid Death",
    "Monster",
    "Red Bull",
    "Rockstar",
    "Yerba Madre"
  ],
  "flavor_categories": [
    "Berry",
    "Candy",
    "Cherry/Cola",
    "Citrus",
    "Fruit",
    "Fruit Punch",
    "Grape",
    "Spiced Fruit",
    "Tea",
    "Tropical",
    "Watermelon"
  ]
}